,Cp_gp60_IIa,Cp_gp60_IIc,Cp_gp60_IId
SRR25512130_Cp_parent_pheRSr-Nluc-tdNG,29,,
SRR11817812_Run7,118,,
SRR10363339_43448,186,,
SRR10363552_44212,,38,
SRR15694536_42966,,,100
SRR10363582_42962,,,35
SRR27731251_W487,,,3
SRR15694513_43849,,159,
SRR10997286_IL100105221_AGTGTCTG,,2,
SRR27731281_W437,,,3
UKP221,13,,
SRR10363568_42983,,,145
SRR15694485_41562,4,,
SRR10363583_42888,233,,
SRR10363529_43029,375,,
SRR10363488_44513,1,,119
SRR10363417_44639,12,,
SRR21763631_Lamb3,,,56
SRR27731283_W398,,,2
SRR27731250_W407,,,21
SRR10363404_44681,147,,
SRR26320666_Prt1,351,,
UKP227,,,30
SRR26320753_DK1,198,,
SRR10363495_44492,353,,
SRR26320694_GER23,230,,
SRR26320674_Hun8,291,,
SRR10363322_39339,4,,
SRR11817821_Run11,212,,
SRR10363419_44637,81,,
SRR26320675_Hun7,299,,
SRR10363449_44578,95,1,
SRR15694515_35090,22,,
SRR15694517_22958,,,83
SRR30219005_W589,,,6
SRR10363595_43725,10,2,
SRR10363309_42768,27,1,
SRR10363437_44604,123,1,
SRR26320723_Fra4,302,,
SRR30219010_W586,,,10
SRR10363336_43452,231,,1
SRR26320656_UKP103,146,,
SRR10363395_44871,337,1,
SRR15694546_44298,,,100
SRR10363599_43466,151,1,
SRR27731275_W486,,,14
SRR15694535_42967,,,101
SRR21763629_Lamb5,65,,
SRR10363299_39732,42,,
SRR26320663_Swe2,450,,
SRR27731287_W425,,,8
SRR11516700_INRAE,91,,
SRR26320653_UKP106,136,1,
SRR10363319_42424,321,,
SRR15694506_22971,,,90
SRR27731277_W481,,,6
SRR21763627_Calf7,85,,
SRR27731249_W488,,,14
SRR26320676_DK3,34,,
SRR10363463_44551,246,1,
SRR10363371_46864,3,,
SRR30219001_W594,,,2
SRR9070313_AK,131,,
SRR10363305_43457,239,,
SRR24474867_BGF-T0,36,,
SRR26320705_FIN23,297,,
SRR3091755_CP0035F4,218,,
SRR10363536_44291,1,,395
SRR26320684_Hun1,611,,
SRR31034905,,,15
SRR10363522_43069,111,,
SRR10363428_44629,61,,
SRR10363511_43327,45,,
SRR15694505_42561,181,,
SRR10363492_44498,3,,
SRR15694572_45012,1,,136
SRR10363516_43288,274,,
SRR27731247_W490,,,11
SRR33038859,16,,
SRR26320741_UKP95,74,,
SRR21763625_Calf9,121,,
SRR27731257_W434,,,3
SRR27731245_W497,,,3
SRR10363501_44409,101,,
SRR27731296_W394,,,3
SRR11818075_Run5,110,,
SRR15694567_24696,,,139
UKP223,188,,
UKP219,175,,
SRR15694532_42973,,,58
SRR15694557_11783,,,56
SRR6117460_UKP2,11,,
SRR15694497_41560,7,,
SRR10363533_43008,225,,
SRR10363557_43790,371,,
SRR27731297_W393,,,8
SRR26320727_Fra1,446,,
SRR26320683_Hun11,344,,
SRR15694483_44513,1,,119
SRR27731256_W435,,,7
SRR10363547_44222,153,1,
SRR10363525_43055,252,,
SRR26320696_GER21,364,,
SRR10363413_41569,7,,
SRR15694548_44290,,,169
SRR10363597_43469,54,2,
SRR10363310_42672,,,301
SRR33038858,12,,
SRR10363301_43464,332,,
SRR3091758_CP0036B6,1,,
SRR26320681_Hun2,379,,
SRR26320742_UKP94,84,,
SRR27731268_W401,,,8
SRR6147964_UKP7,249,1,
SRR10363372_46863,37,,
SRR15694495_22972,,,85
SRR27731246_W491,,,8
SRR27731299_W494,,,9
SRR26320669_Nor4,194,,
SRR30219000_W595,,,47
SRR10363312_42669,,1,219
SRR26320718_FIN12,263,,
SRR27731244_W498,,,14
SRR10363480_40140,29,,
SRR10363560_38783,46,,
SRR10363369_41811,109,,
SRR10363555_44188,77,4,
SRR30219009_W596,,,20
SRR10363509_43328,191,,
SRR15694560_11730,,,41
SRR10363473_44540,134,,
SRR15694545_42632,,1,103
SRR33038862,3,,
SRR10363461_44554,87,2,
SRR21763634_Calf12,103,,
SRR27731291_W404,,,4
SRR11817818_Run14,26,,
SRR11818076_Run4,121,,
SRR15694512_44409,98,,
SRR29366321_W304-INS19-KO,,,1
SRR15694511_44412,274,,1
SRR10363343_43443,272,,1
SRR15694537_42965,,,144
SRR15694571_45023,,,206
SRR10363401_44688,111,,
SRR10363500_44412,287,,1
SRR10363477_44535,133,1,
SRR10363467_44546,233,,
SRR11817815_Run4,152,,
SRR10363579_42965,,,144
SRR10363451_44573,68,,
SRR15694538_42964,,,89
SRR26320720_Fra7,185,,
SRR10363348_43437,170,,
SRR27731293_W402,,,6
SRR11817817_Run15,90,,
SRR26320731_FIN6,158,,
SRR26320746_UKP133,83,,
UKP228,,31,
SRR10363532_43009,305,,
SRR15694569_12535,,,60
SRR10363444_44584,115,1,
SRR21763630_Lamb4,55,,
SRR15694494_45179,,84,
SRR15694490_43801,,158,
SRR26320734_FIN3,88,,
SRR10363460_44557,368,1,
SRR11817813_Run6,179,,
SRR10363315_42632,,1,103
SRR10363499_44425,170,,
SRR10363476_44536,106,,
SRR21763633_Calf13,79,,
SRR27731253_W483,,,20
SRR26320682_Hun12,333,,
SRR11817816_Run3,207,,
SRR10363424_41567,11,,
SRR10363358_39209,33,,
SRR26320709_FIN2,391,,
SRR30219008_W673,,,1
SRR10363474_44539,175,,
SRR26320673_Hun9,377,,
SRR26320721_Fra6,236,,
SRR27731303_W479,,,11
SRR10363311_39609,42,,
UKP216,1,,
SRR27731243_W440,,,1
SRR10363589_39753,44,,
SRR10363475_44538,160,1,
SRR10363483_44531,213,1,
UKP224,61,,
SRR10363341_43446,43,,
SRR21763624_Calf10,100,,
SRR10363470_44544,109,,
SRR11818074_Run6,177,,
SRR3091751_meta1499,1214,,
SRR15694539_45022,,,171
SRR15694525_42984,,,105
SRR27731278_W480,,,8
SRR10363564_42986,,,128
SRR10363515_43292,285,,
SRR15694565_24721,,,62
SRR10363465_44548,71,,
SRR10363586_43782,256,,
SRR29366320_W278-INS20-KO,,,1
SRR10363403_44687,62,,
SRR26320657_UKP102,185,,
SRR10363383_46363,58,,
SRR30219003_W591,,,1
SRR27731292_W403,,,3
SRR26320648_UKP121,117,,
SRR27731238_W476,,,6
SRR15694523_42986,,,128
SRR15694507_44493,27,,
SRR10363566_39665,10,,
SRR6813716_UKP13,,121,
SRR10363354_43406,110,,
SRR10363344_43442,331,,
SRR11516703_Bunchgrass,282,,
SRR15694559_11738,,,62
SRR15694558_11744,1,,92
SRR26320736_FIN10,220,,
SRR26320737_FIN1,60,,
SRR10363584_42886,193,,
SRR10363397_44866,116,,
SRR10363430_44615,58,1,
SRR26320747_UKP132,1,,
SRR11817811_Run8,96,,
SRR10363304_43460,275,1,
SRR26320660_SweH2,,,4
SRR15694564_11707,,,217
SRR10363587_43781,193,,
SRR26320685_GER31,180,,
SRR27731239_W475,,,12
UKP226,129,,
SRR10363581_42963,,,82
SRR15694533_42972,,,77
SRR27731255_W436,,,5
SRR10363537_44290,,,319
SRR15694544_42658,,,142
SRR10363577_39640,14,,
SRR27731304_W478,,,8
SRR27731260_W428,,,2
SRR10363478_44534,203,,
SRR10363520_43072,283,,
SRR10363504_44379,142,,
SRR10363565_42985,,,160
SRR3091752_CP0035C8,199,,
SRR27731272_W405,,,12
SRR10363429_44616,309,,
SRR10363355_43404,166,,
SRR15694543_42669,,1,109
SRR10363337_43451,63,,
SRR27731271_W392,,,6
SRR6813719_UKP15,,38,
SRR6813718_UKP14,,167,
SRR15694496_42435,234,,
SRR27731300_W493,,,4
SRR10363524_43060,231,,
SRR10997270_IL100105221_GATCAGCT,,6,
SRR3091759_CP0036C6,36,,
SRR15694526_42983,,,79
SRR26320680_Hun3,382,,
UKP225,,,20
SRR27731273_W391,,,1
SRR10363346_39729,87,,
SRR15694519_44619,66,,
SRR6147472_UKP3,513,,
SRR15694487_42556,148,,
SRR6147587_UKP5,39,,
SRR10363414_44655,134,,
SRR10363558_39727,21,,
SRR27731276_W485,,,8
SRR15694555_11789,,,52
SRR26320704_DK12,18,,
SRR15694534_42970,,,61
SRR10363316_42566,312,,
SRR10363416_44640,111,,
SRR10363385_46361,145,,
SRR27731290_W417,,,9
SRR15694499_38783,45,,
SRR10363453_44569,215,12,
SRR10363485_43329,32,,
SRR26320647_UKP122,185,,
SRR10363435_40663,35,,
SRR27731262_W424,,,3
SRR9070314_AT,122,,
SRR10363342_43444,86,,
SRR11817822_Run2,,,47
SRR26320722_Fra5,268,,
SRR10363313_42658,,,262
SRR15694561_45016,,,160
SRR27731269_W400,,,2
SRR10363523_43061,332,,
SRR10363556_44173,127,,
SRR6813717_UKP12,,54,
SRR27731266_W415,,,3
SRR26320688_GER29,235,,
UKP218,100,,
SRR10363506_44377,285,,
SRR10363469_39187,129,,
SRR15694492_41889,7,,
SRR27731298_W389,,,15
SRR10363481_44532,93,,
SRR26320702_GER13,304,,
SRR10363324_42123,21,,
SRR33038864,8,,
SRR10363320_42423,236,,
SRR26320665_DK4,654,,
SRR16990213_ILWGS,126,,
SRR10363376_46429,35,,
SRR26320654_DK5,26,,
SRR10363479_44533,164,,
SRR27731241_W473,,,2
SRR15694549_9592,,,138
SRR10363592_43740,255,,
SRR10363387_46358,18,,
SRR10363425_44632,121,,
SRR27731240_W474,,,11
SRR10363580_42964,,,89
SRR10363448_44579,125,1,
SRR26320697_GER20,225,,
SRR10363432_44611,1,,
SRR26320700_GER16,282,,
SRR15694563_11760,,,111
SRR15694550_45017,,,204
SRR26320679_Hun4,734,,
SRR26320701_GER15,278,,
SRR26320655_UKP104,106,,
SRR10363468_40230,1,,
SRR27731302_W495,,,8
SRR27731263_W423,,,6
SRR10363410_44659,151,,
SRR26320739_DK8,54,,
SRR3473975_31727,,,1
SRR11516702_Sterling,313,,
SRR10363326_42121,9,,
SRR10363446_40457,3,,
SRR10363391_41572,7,,
SRR10363487_44519,166,,
UKP229,,,72
SRR10363328_41896,3,,
SRR15694486_42557,171,,
SRR15694522_42987,,,74
SRR10363412_44656,153,,
SRR11818078_Run2,197,,
SRR15694540_42963,,,82
SRR10363576_42967,,,101
SRR27731284_W432,,,5
SRR11817819_Run13,41,,
SRR15694562_11722,,,70
SRR15694528_6294,,,301
SRR26320743_UKP90,228,,
SRR26320733_FIN4,145,,
SRR21763626_Calf8,,,32
SRR10996883_IL100070795,,129,
SRR26320662_Swe3,364,,
SRR27731264_W422,,,2
SRR15694504_42429,250,,
SRR26320748_UKP131,82,,
SRR15694501_45175,,69,
SRR26320712_FIN17,111,,
SRR10363402_41571,7,,
SRR26320751_DK6,307,,
SRR10363598_43468,164,,
SRR27731289_W418,,,3
SRR10363443_44585,59,,
SRR26320740_DK7,218,,
SRR15694524_42985,,,88
SRR10363378_46377,75,,
SRR11817809_Run10,92,,
SRR26320686_GER30,510,,
SRR10363405_44679,189,3,
SRR10336407_39206,16,,
SRR10363561_43007,299,,
SRR27731248_W489,,,10
SRR10363530_43026,221,,
SRR10363333_43454,225,,
SRR26320707_FIN21,12,,
SRR27731306_W347,,,23
SRR10363538_44279,271,,
SRR10363514_43293,325,,
SRR26320670_Nor3,424,,
SRR26320668_Pol1,368,,
SRR21763628_Calf6,142,,
SRR15694547_44291,1,,209
SRR26320649_UKP120,64,,
SRR10363521_43070,155,1,
SRR26320719_FIN11,199,,
SRR26320706_FIN22,269,,
SRR10363364_47027,189,,
SRR10363447_44582,121,,
SRR26320729_FIN8,307,,
SRR11818077_Run3,51,,
SRR27731258_W430,,,5
SRR26320689_GER28,550,,
SRR15694573_45011,,,151
SRR10997324_IL100105221_CGTAGCAT,,2,
SRR27731267_W414,,,3
SRR26320714_FIN15,80,,
SRR27731259_W429,,,12
SRR33512233_MUC25-CDS-KO,,,1
SRR10363307_42770,188,,
SRR10363596_43713,,,192
SRR15694541_42962,,,35
SRR15694489_41565,13,,
SRR10363486_44521,5,,
SRR10363321_42310,408,,
SRR10363308_43455,291,,
SRR15694530_42980,,,89
SRR15694518_44621,57,,
SRR10363338_43450,161,,
SRR15694484_22973,,,76
SRR26320645_UKP124,136,,
SRR26320651_UKP118,106,,
SRR10363334_43453,120,,
SRR15694491_42564,135,,
SRR10363431_44614,139,,
SRR10363491_44504,122,,
SRR10363496_44490,34,,
SRR10363594_43734,158,,
SRR15694556_11785,,,42
SRR15694510_44425,161,,
SRR26320693_GER24,268,,
SRR30219004_W590,,,7
SRR26320644_UKP125,71,,
SRR15694552_35419,3,,227
UKP230,134,,
SRR10336412_17861,262,,
SRR10363493_44493,27,,
SRR10363498_44458,617,,
SRR6148259_UKP8,1,,106
SRR10363578_42966,,,100
SRR10363421_44635,120,,
SRR10363384_46362,72,,
SRR10363441_44592,50,,
UKP222,119,,
SRR10363551_39756,8,,
SRR6147945_UKP6,94,,
SRR10363365_47026,315,,
SRR6871415_UKP1,553,,
SRR10363323_42124,10,,
SRR10363462_44552,223,,
SRR26320695_GER22,388,,
SRR26320717_FIN13,282,,
SRR15694566_24716,,,60
SRR33038863,6,,
SRR10363423_44633,64,,
SRR10363300_43465,195,,
SRR10363302_43462,348,,
SRR10363433_44610,103,1,
SRR26320652_UKP107,445,,
SRR15694514_43713,,,192
SRR15694554_11768,,,1
SRR10363450_44577,147,,
SRR26320735_FIN24,211,,
SRR31044660,556,,
SRR10363540_39898,6,,
SRR10363457_40236,8,,
SRR27731285_W431,,,17
SRR15694503_42554,144,,
SRR10363363_47028,315,,
SRR10363317_42565,272,,
SRR10363306_43456,187,,
SRR26320658_SweH4,,,32
SRR26320750_UKP126,,,6
SRR10363303_43461,218,,
SRR10363531_43024,371,,
SRR27731286_W427,,,10
SRR10363335_39731,54,,
SRR10363570_42981,,,124
SRR3091754_CP0035D9,60,,
SRR10363569_42982,,,112
SRR26320671_Nor2,,,106
SRR10363574_42972,,,140
SRR10363445_44583,76,,
SRR10363409_44662,87,1,
SRR7898459_UKP16,,46,
SRR6147581_UKP4,554,,
SRR15694493_41566,18,,
SRR10363382_46374,129,,
SRR30219006_W588,,,5
UKP217,159,,
SRR26320713_FIN16,173,,
SRR26320749_UKP130,73,,
SRR15694498_41883,3,,
SRR10363362_47029,281,,
SRR10363482_43402,429,,
SRR10363572_42978,,,170
SRR30219002_W592,,,16
SRR10363466_44547,256,,
SRR15694502_41886,7,,
SRR10363519_43284,245,,
SRR30219007_W587,,,14
SRR11817814_Run5,186,,
SRR26320687_DK2,395,,
SRR26320744_UKP135,33,,
SRR10363512_43314,482,,
SRR10363340_43447,217,,
SRR26320724_Fra3,46,,
SRR15694531_42978,,,94
UKP215,131,,
SRR26320738_DK9,2,,
SRR27731301_W496,,,10
SRR10363318_42564,230,,
SRR11817823_Run1,163,,
SRR10363381_46375,8,,
SRR10363518_43286,261,,
SRR27731294_W397,,,2
SRR10363422_44634,127,1,
SRR15694509_44458,589,,
SRR26320664_Swe1,377,,
SRR26320699_GER17,272,,
SRR26320672_Nor1,331,,
SRR10363438_44603,65,,
SRR27731282_W433,,,8
SRR10363567_42984,,,105
SRR27731270_W399,,,2
SRR10363575_42970,,,130
SRR10363535_44298,,,226
SRR10363380_41577,3,,
SRR21763636_Lamb1,78,,
SRR10363539_44272,16,,
SRR10363373_46861,4,,
SRR26320726_Fra2,,,58
SRR10363411_44658,69,,
SRR21763632_Calf14,71,,
SRR26320745_UKP134,144,,
SRR27731261_W406,,,3
SRR26320692_GER25,340,,
SRR15694527_42982,,,68
SRR10363562_43006,278,,
SRR10363379_46376,105,,
SRR15694568_12536,,,55
SRR27731265_W416,,,3
SRR27731280_W438,,,5
SRR27731252_W484,,,6
SRR10363345_43441,202,,
SRR18395901_26818635,67,,
SRR10363497_44486,10,,
SRR10363406_44669,117,,
SRR27731254_W482,,,6
SRR27731305_W396,,,1
SRR10363526_43054,236,,
SRR27731295_W395,,,4
SRR3091761_CP0036D6,3,,
SRR26320690_GER27,192,,
SRR26320677_Hun6,425,,
SRR27731237_W477,,,7
SRR10363436_44605,9,,
SRR26320728_FIN9,1,,
SRR9070312_IMPDH,137,,
SRR10363325_42122,5,,
SRR15694500_42562,126,,
SRR21763635_Lamb2,76,,
SRR10363517_39722,53,,
SRR15694551_XJ-CP,,,198
SRR15694570_12405,,,62
SRR10363571_42980,,,163
SRR10363434_44609,77,1,
SRR11817810_Run9,88,,
SRR33038860,3,,
SRR10363554_44191,309,,
SRR30219011_W585,,,9
UKP220,240,,
SRR26320661_SweH1,7,,
SRR10363374_46858,8,,
SRR15694542_42672,,,175
SRR10363484_43401,226,,
SRR15694488_44519,127,,
SRR11516701_WA5dBov99,215,,
SRR15694508_44492,353,,
SRR27731288_W421,,,8
SRR10363559_39011,154,,
SRR11817820_Run12,336,,
SRR26320667_Pol2,239,,
SRR10363563_42987,,,129
SRR26320678_Hun5,331,,
SRR26320732_FIN5,137,,
SRR10363347_43438,137,,
SRR10363573_42973,,,125
SRR15694529_42981,,,69
SRR10363527_43051,135,,
SRR27731279_W439,,,9
SRR26320725_DK13,6,,
SRR11818079_Run1,167,,
SRR33038861,5,,
SRR10363357_43403,355,,
SRR15694516_34902,,,68
SRR10336411_24807,,,1
SRR26320691_GER26,201,,
SRR10363327_42120,16,,
SRR10363386_46359,27,,
